M,N,K,bias,dtype,outdtype,scaleAB,bpreshuffle
32768,9216,6144,False,torch.bfloat16,torch.bfloat16,False,False
32768,6144,8192,False,torch.bfloat16,torch.bfloat16,False,False
32768,24576,6144,False,torch.bfloat16,torch.bfloat16,False,False
32768,6144,12288,False,torch.bfloat16,torch.bfloat16,False,False
32768,9856,6144,False,torch.bfloat16,torch.bfloat16,False,False
32768,128,6144,False,torch.bfloat16,torch.bfloat16,False,False
1,200064,6144,False,torch.bfloat16,torch.bfloat16,False,False
5,9216,6144,False,torch.bfloat16,torch.bfloat16,False,False
5,6144,8192,False,torch.bfloat16,torch.bfloat16,False,False
5,24576,6144,False,torch.bfloat16,torch.bfloat16,False,False
5,6144,12288,False,torch.bfloat16,torch.bfloat16,False,False
5,9856,6144,False,torch.bfloat16,torch.bfloat16,False,False
5,128,6144,False,torch.bfloat16,torch.bfloat16,False,False
1,9216,6144,False,torch.bfloat16,torch.bfloat16,False,False
1,6144,8192,False,torch.bfloat16,torch.bfloat16,False,False
1,24576,6144,False,torch.bfloat16,torch.bfloat16,False,False
1,6144,12288,False,torch.bfloat16,torch.bfloat16,False,False
1,9856,6144,False,torch.bfloat16,torch.bfloat16,False,False
1,128,6144,False,torch.bfloat16,torch.bfloat16,False,False
7237,9216,6144,False,torch.bfloat16,torch.bfloat16,False,False
7237,6144,8192,False,torch.bfloat16,torch.bfloat16,False,False
7237,24576,6144,False,torch.bfloat16,torch.bfloat16,False,False
7237,6144,12288,False,torch.bfloat16,torch.bfloat16,False,False
7237,9856,6144,False,torch.bfloat16,torch.bfloat16,False,False
7237,128,6144,False,torch.bfloat16,torch.bfloat16,False,False
5,200064,6144,False,torch.bfloat16,torch.bfloat16,False,False
6,200064,6144,False,torch.bfloat16,torch.bfloat16,False,False
13795,9216,6144,False,torch.bfloat16,torch.bfloat16,False,False
13795,6144,8192,False,torch.bfloat16,torch.bfloat16,False,False
13795,24576,6144,False,torch.bfloat16,torch.bfloat16,False,False
13795,6144,12288,False,torch.bfloat16,torch.bfloat16,False,False
13795,9856,6144,False,torch.bfloat16,torch.bfloat16,False,False
13795,128,6144,False,torch.bfloat16,torch.bfloat16,False,False
2,200064,6144,False,torch.bfloat16,torch.bfloat16,False,False
16,9216,6144,False,torch.bfloat16,torch.bfloat16,False,False
16,6144,8192,False,torch.bfloat16,torch.bfloat16,False,False
16,24576,6144,False,torch.bfloat16,torch.bfloat16,False,False
16,6144,12288,False,torch.bfloat16,torch.bfloat16,False,False
16,9856,6144,False,torch.bfloat16,torch.bfloat16,False,False
16,128,6144,False,torch.bfloat16,torch.bfloat16,False,False
16,200064,6144,False,torch.bfloat16,torch.bfloat16,False,False
15,9216,6144,False,torch.bfloat16,torch.bfloat16,False,False
15,6144,8192,False,torch.bfloat16,torch.bfloat16,False,False
15,24576,6144,False,torch.bfloat16,torch.bfloat16,False,False
15,6144,12288,False,torch.bfloat16,torch.bfloat16,False,False
15,9856,6144,False,torch.bfloat16,torch.bfloat16,False,False
15,128,6144,False,torch.bfloat16,torch.bfloat16,False,False
15,200064,6144,False,torch.bfloat16,torch.bfloat16,False,False
7104,9216,6144,False,torch.bfloat16,torch.bfloat16,False,False
7104,6144,8192,False,torch.bfloat16,torch.bfloat16,False,False
7104,24576,6144,False,torch.bfloat16,torch.bfloat16,False,False
7104,6144,12288,False,torch.bfloat16,torch.bfloat16,False,False
7104,9856,6144,False,torch.bfloat16,torch.bfloat16,False,False
7104,128,6144,False,torch.bfloat16,torch.bfloat16,False,False
6640,9216,6144,False,torch.bfloat16,torch.bfloat16,False,False
6640,6144,8192,False,torch.bfloat16,torch.bfloat16,False,False
6640,24576,6144,False,torch.bfloat16,torch.bfloat16,False,False
6640,6144,12288,False,torch.bfloat16,torch.bfloat16,False,False
6640,9856,6144,False,torch.bfloat16,torch.bfloat16,False,False
6640,128,6144,False,torch.bfloat16,torch.bfloat16,False,False
6727,9216,6144,False,torch.bfloat16,torch.bfloat16,False,False
6727,6144,8192,False,torch.bfloat16,torch.bfloat16,False,False
6727,24576,6144,False,torch.bfloat16,torch.bfloat16,False,False
6727,6144,12288,False,torch.bfloat16,torch.bfloat16,False,False
6727,9856,6144,False,torch.bfloat16,torch.bfloat16,False,False
6727,128,6144,False,torch.bfloat16,torch.bfloat16,False,False
8177,9216,6144,False,torch.bfloat16,torch.bfloat16,False,False
8177,6144,8192,False,torch.bfloat16,torch.bfloat16,False,False
8177,24576,6144,False,torch.bfloat16,torch.bfloat16,False,False
8177,6144,12288,False,torch.bfloat16,torch.bfloat16,False,False
8177,9856,6144,False,torch.bfloat16,torch.bfloat16,False,False
8177,128,6144,False,torch.bfloat16,torch.bfloat16,False,False
7402,9216,6144,False,torch.bfloat16,torch.bfloat16,False,False
7402,6144,8192,False,torch.bfloat16,torch.bfloat16,False,False
7402,24576,6144,False,torch.bfloat16,torch.bfloat16,False,False
7402,6144,12288,False,torch.bfloat16,torch.bfloat16,False,False
7402,9856,6144,False,torch.bfloat16,torch.bfloat16,False,False
7402,128,6144,False,torch.bfloat16,torch.bfloat16,False,False
7090,9216,6144,False,torch.bfloat16,torch.bfloat16,False,False
7090,6144,8192,False,torch.bfloat16,torch.bfloat16,False,False
7090,24576,6144,False,torch.bfloat16,torch.bfloat16,False,False
7090,6144,12288,False,torch.bfloat16,torch.bfloat16,False,False
7090,9856,6144,False,torch.bfloat16,torch.bfloat16,False,False
7090,128,6144,False,torch.bfloat16,torch.bfloat16,False,False
7398,9216,6144,False,torch.bfloat16,torch.bfloat16,False,False
7398,6144,8192,False,torch.bfloat16,torch.bfloat16,False,False
7398,24576,6144,False,torch.bfloat16,torch.bfloat16,False,False
7398,6144,12288,False,torch.bfloat16,torch.bfloat16,False,False
7398,9856,6144,False,torch.bfloat16,torch.bfloat16,False,False
7398,128,6144,False,torch.bfloat16,torch.bfloat16,False,False
14,9216,6144,False,torch.bfloat16,torch.bfloat16,False,False
14,6144,8192,False,torch.bfloat16,torch.bfloat16,False,False
14,24576,6144,False,torch.bfloat16,torch.bfloat16,False,False
14,6144,12288,False,torch.bfloat16,torch.bfloat16,False,False
14,9856,6144,False,torch.bfloat16,torch.bfloat16,False,False
14,128,6144,False,torch.bfloat16,torch.bfloat16,False,False
14,200064,6144,False,torch.bfloat16,torch.bfloat16,False,False
13955,9216,6144,False,torch.bfloat16,torch.bfloat16,False,False
13955,6144,8192,False,torch.bfloat16,torch.bfloat16,False,False
13955,24576,6144,False,torch.bfloat16,torch.bfloat16,False,False
13955,6144,12288,False,torch.bfloat16,torch.bfloat16,False,False
13955,9856,6144,False,torch.bfloat16,torch.bfloat16,False,False
13955,128,6144,False,torch.bfloat16,torch.bfloat16,False,False
6668,9216,6144,False,torch.bfloat16,torch.bfloat16,False,False
6668,6144,8192,False,torch.bfloat16,torch.bfloat16,False,False
6668,24576,6144,False,torch.bfloat16,torch.bfloat16,False,False
6668,6144,12288,False,torch.bfloat16,torch.bfloat16,False,False
6668,9856,6144,False,torch.bfloat16,torch.bfloat16,False,False
6668,128,6144,False,torch.bfloat16,torch.bfloat16,False,False
7529,9216,6144,False,torch.bfloat16,torch.bfloat16,False,False
7529,6144,8192,False,torch.bfloat16,torch.bfloat16,False,False
7529,24576,6144,False,torch.bfloat16,torch.bfloat16,False,False
7529,6144,12288,False,torch.bfloat16,torch.bfloat16,False,False
7529,9856,6144,False,torch.bfloat16,torch.bfloat16,False,False
7529,128,6144,False,torch.bfloat16,torch.bfloat16,False,False
7308,9216,6144,False,torch.bfloat16,torch.bfloat16,False,False
7308,6144,8192,False,torch.bfloat16,torch.bfloat16,False,False
7308,24576,6144,False,torch.bfloat16,torch.bfloat16,False,False
7308,6144,12288,False,torch.bfloat16,torch.bfloat16,False,False
7308,9856,6144,False,torch.bfloat16,torch.bfloat16,False,False
7308,128,6144,False,torch.bfloat16,torch.bfloat16,False,False
8008,9216,6144,False,torch.bfloat16,torch.bfloat16,False,False
8008,6144,8192,False,torch.bfloat16,torch.bfloat16,False,False
8008,24576,6144,False,torch.bfloat16,torch.bfloat16,False,False
8008,6144,12288,False,torch.bfloat16,torch.bfloat16,False,False
8008,9856,6144,False,torch.bfloat16,torch.bfloat16,False,False
8008,128,6144,False,torch.bfloat16,torch.bfloat16,False,False
7001,9216,6144,False,torch.bfloat16,torch.bfloat16,False,False
7001,6144,8192,False,torch.bfloat16,torch.bfloat16,False,False
7001,24576,6144,False,torch.bfloat16,torch.bfloat16,False,False
7001,6144,12288,False,torch.bfloat16,torch.bfloat16,False,False
7001,9856,6144,False,torch.bfloat16,torch.bfloat16,False,False
7001,128,6144,False,torch.bfloat16,torch.bfloat16,False,False
7403,9216,6144,False,torch.bfloat16,torch.bfloat16,False,False
7403,6144,8192,False,torch.bfloat16,torch.bfloat16,False,False
7403,24576,6144,False,torch.bfloat16,torch.bfloat16,False,False
7403,6144,12288,False,torch.bfloat16,torch.bfloat16,False,False
7403,9856,6144,False,torch.bfloat16,torch.bfloat16,False,False
7403,128,6144,False,torch.bfloat16,torch.bfloat16,False,False
6652,9216,6144,False,torch.bfloat16,torch.bfloat16,False,False
6652,6144,8192,False,torch.bfloat16,torch.bfloat16,False,False
6652,24576,6144,False,torch.bfloat16,torch.bfloat16,False,False
6652,6144,12288,False,torch.bfloat16,torch.bfloat16,False,False
6652,9856,6144,False,torch.bfloat16,torch.bfloat16,False,False
6652,128,6144,False,torch.bfloat16,torch.bfloat16,False,False
7754,9216,6144,False,torch.bfloat16,torch.bfloat16,False,False
7754,6144,8192,False,torch.bfloat16,torch.bfloat16,False,False
7754,24576,6144,False,torch.bfloat16,torch.bfloat16,False,False
7754,6144,12288,False,torch.bfloat16,torch.bfloat16,False,False
7754,9856,6144,False,torch.bfloat16,torch.bfloat16,False,False
7754,128,6144,False,torch.bfloat16,torch.bfloat16,False,False
7350,9216,6144,False,torch.bfloat16,torch.bfloat16,False,False
7350,6144,8192,False,torch.bfloat16,torch.bfloat16,False,False
7350,24576,6144,False,torch.bfloat16,torch.bfloat16,False,False
7350,6144,12288,False,torch.bfloat16,torch.bfloat16,False,False
7350,9856,6144,False,torch.bfloat16,torch.bfloat16,False,False
7350,128,6144,False,torch.bfloat16,torch.bfloat16,False,False
7212,9216,6144,False,torch.bfloat16,torch.bfloat16,False,False
7212,6144,8192,False,torch.bfloat16,torch.bfloat16,False,False
7212,24576,6144,False,torch.bfloat16,torch.bfloat16,False,False
7212,6144,12288,False,torch.bfloat16,torch.bfloat16,False,False
7212,9856,6144,False,torch.bfloat16,torch.bfloat16,False,False
7212,128,6144,False,torch.bfloat16,torch.bfloat16,False,False
7724,9216,6144,False,torch.bfloat16,torch.bfloat16,False,False
7724,6144,8192,False,torch.bfloat16,torch.bfloat16,False,False
7724,24576,6144,False,torch.bfloat16,torch.bfloat16,False,False
7724,6144,12288,False,torch.bfloat16,torch.bfloat16,False,False
7724,9856,6144,False,torch.bfloat16,torch.bfloat16,False,False
7724,128,6144,False,torch.bfloat16,torch.bfloat16,False,False
7463,9216,6144,False,torch.bfloat16,torch.bfloat16,False,False
7463,6144,8192,False,torch.bfloat16,torch.bfloat16,False,False
7463,24576,6144,False,torch.bfloat16,torch.bfloat16,False,False
7463,6144,12288,False,torch.bfloat16,torch.bfloat16,False,False
7463,9856,6144,False,torch.bfloat16,torch.bfloat16,False,False
7463,128,6144,False,torch.bfloat16,torch.bfloat16,False,False
6976,9216,6144,False,torch.bfloat16,torch.bfloat16,False,False
6976,6144,8192,False,torch.bfloat16,torch.bfloat16,False,False
6976,24576,6144,False,torch.bfloat16,torch.bfloat16,False,False
6976,6144,12288,False,torch.bfloat16,torch.bfloat16,False,False
6976,9856,6144,False,torch.bfloat16,torch.bfloat16,False,False
6976,128,6144,False,torch.bfloat16,torch.bfloat16,False,False
7865,9216,6144,False,torch.bfloat16,torch.bfloat16,False,False
7865,6144,8192,False,torch.bfloat16,torch.bfloat16,False,False
7865,24576,6144,False,torch.bfloat16,torch.bfloat16,False,False
7865,6144,12288,False,torch.bfloat16,torch.bfloat16,False,False
7865,9856,6144,False,torch.bfloat16,torch.bfloat16,False,False
7865,128,6144,False,torch.bfloat16,torch.bfloat16,False,False
7842,9216,6144,False,torch.bfloat16,torch.bfloat16,False,False
7842,6144,8192,False,torch.bfloat16,torch.bfloat16,False,False
7842,24576,6144,False,torch.bfloat16,torch.bfloat16,False,False
7842,6144,12288,False,torch.bfloat16,torch.bfloat16,False,False
7842,9856,6144,False,torch.bfloat16,torch.bfloat16,False,False
7842,128,6144,False,torch.bfloat16,torch.bfloat16,False,False
7250,9216,6144,False,torch.bfloat16,torch.bfloat16,False,False
7250,6144,8192,False,torch.bfloat16,torch.bfloat16,False,False
7250,24576,6144,False,torch.bfloat16,torch.bfloat16,False,False
7250,6144,12288,False,torch.bfloat16,torch.bfloat16,False,False
7250,9856,6144,False,torch.bfloat16,torch.bfloat16,False,False
7250,128,6144,False,torch.bfloat16,torch.bfloat16,False,False
7192,9216,6144,False,torch.bfloat16,torch.bfloat16,False,False
7192,6144,8192,False,torch.bfloat16,torch.bfloat16,False,False
7192,24576,6144,False,torch.bfloat16,torch.bfloat16,False,False
7192,6144,12288,False,torch.bfloat16,torch.bfloat16,False,False
7192,9856,6144,False,torch.bfloat16,torch.bfloat16,False,False
7192,128,6144,False,torch.bfloat16,torch.bfloat16,False,False
7097,9216,6144,False,torch.bfloat16,torch.bfloat16,False,False
7097,6144,8192,False,torch.bfloat16,torch.bfloat16,False,False
7097,24576,6144,False,torch.bfloat16,torch.bfloat16,False,False
7097,6144,12288,False,torch.bfloat16,torch.bfloat16,False,False
7097,9856,6144,False,torch.bfloat16,torch.bfloat16,False,False
7097,128,6144,False,torch.bfloat16,torch.bfloat16,False,False
7096,9216,6144,False,torch.bfloat16,torch.bfloat16,False,False
7096,6144,8192,False,torch.bfloat16,torch.bfloat16,False,False
7096,24576,6144,False,torch.bfloat16,torch.bfloat16,False,False
7096,6144,12288,False,torch.bfloat16,torch.bfloat16,False,False
7096,9856,6144,False,torch.bfloat16,torch.bfloat16,False,False
7096,128,6144,False,torch.bfloat16,torch.bfloat16,False,False
7267,9216,6144,False,torch.bfloat16,torch.bfloat16,False,False
7267,6144,8192,False,torch.bfloat16,torch.bfloat16,False,False
7267,24576,6144,False,torch.bfloat16,torch.bfloat16,False,False
7267,6144,12288,False,torch.bfloat16,torch.bfloat16,False,False
7267,9856,6144,False,torch.bfloat16,torch.bfloat16,False,False
7267,128,6144,False,torch.bfloat16,torch.bfloat16,False,False
6797,9216,6144,False,torch.bfloat16,torch.bfloat16,False,False
6797,6144,8192,False,torch.bfloat16,torch.bfloat16,False,False
6797,24576,6144,False,torch.bfloat16,torch.bfloat16,False,False
6797,6144,12288,False,torch.bfloat16,torch.bfloat16,False,False
6797,9856,6144,False,torch.bfloat16,torch.bfloat16,False,False
6797,128,6144,False,torch.bfloat16,torch.bfloat16,False,False
6704,9216,6144,False,torch.bfloat16,torch.bfloat16,False,False
6704,6144,8192,False,torch.bfloat16,torch.bfloat16,False,False
6704,24576,6144,False,torch.bfloat16,torch.bfloat16,False,False
6704,6144,12288,False,torch.bfloat16,torch.bfloat16,False,False
6704,9856,6144,False,torch.bfloat16,torch.bfloat16,False,False
6704,128,6144,False,torch.bfloat16,torch.bfloat16,False,False
7228,9216,6144,False,torch.bfloat16,torch.bfloat16,False,False
7228,6144,8192,False,torch.bfloat16,torch.bfloat16,False,False
7228,24576,6144,False,torch.bfloat16,torch.bfloat16,False,False
7228,6144,12288,False,torch.bfloat16,torch.bfloat16,False,False
7228,9856,6144,False,torch.bfloat16,torch.bfloat16,False,False
7228,128,6144,False,torch.bfloat16,torch.bfloat16,False,False
7063,9216,6144,False,torch.bfloat16,torch.bfloat16,False,False
7063,6144,8192,False,torch.bfloat16,torch.bfloat16,False,False
7063,24576,6144,False,torch.bfloat16,torch.bfloat16,False,False
7063,6144,12288,False,torch.bfloat16,torch.bfloat16,False,False
7063,9856,6144,False,torch.bfloat16,torch.bfloat16,False,False
7063,128,6144,False,torch.bfloat16,torch.bfloat16,False,False
8036,9216,6144,False,torch.bfloat16,torch.bfloat16,False,False
8036,6144,8192,False,torch.bfloat16,torch.bfloat16,False,False
8036,24576,6144,False,torch.bfloat16,torch.bfloat16,False,False
8036,6144,12288,False,torch.bfloat16,torch.bfloat16,False,False
8036,9856,6144,False,torch.bfloat16,torch.bfloat16,False,False
8036,128,6144,False,torch.bfloat16,torch.bfloat16,False,False
7435,9216,6144,False,torch.bfloat16,torch.bfloat16,False,False
7435,6144,8192,False,torch.bfloat16,torch.bfloat16,False,False
7435,24576,6144,False,torch.bfloat16,torch.bfloat16,False,False
7435,6144,12288,False,torch.bfloat16,torch.bfloat16,False,False
7435,9856,6144,False,torch.bfloat16,torch.bfloat16,False,False
7435,128,6144,False,torch.bfloat16,torch.bfloat16,False,False
7760,9216,6144,False,torch.bfloat16,torch.bfloat16,False,False
7760,6144,8192,False,torch.bfloat16,torch.bfloat16,False,False
7760,24576,6144,False,torch.bfloat16,torch.bfloat16,False,False
7760,6144,12288,False,torch.bfloat16,torch.bfloat16,False,False
7760,9856,6144,False,torch.bfloat16,torch.bfloat16,False,False
7760,128,6144,False,torch.bfloat16,torch.bfloat16,False,False
6581,9216,6144,False,torch.bfloat16,torch.bfloat16,False,False
6581,6144,8192,False,torch.bfloat16,torch.bfloat16,False,False
6581,24576,6144,False,torch.bfloat16,torch.bfloat16,False,False
6581,6144,12288,False,torch.bfloat16,torch.bfloat16,False,False
6581,9856,6144,False,torch.bfloat16,torch.bfloat16,False,False
6581,128,6144,False,torch.bfloat16,torch.bfloat16,False,False
7355,9216,6144,False,torch.bfloat16,torch.bfloat16,False,False
7355,6144,8192,False,torch.bfloat16,torch.bfloat16,False,False
7355,24576,6144,False,torch.bfloat16,torch.bfloat16,False,False
7355,6144,12288,False,torch.bfloat16,torch.bfloat16,False,False
7355,9856,6144,False,torch.bfloat16,torch.bfloat16,False,False
7355,128,6144,False,torch.bfloat16,torch.bfloat16,False,False
13362,9216,6144,False,torch.bfloat16,torch.bfloat16,False,False
13362,6144,8192,False,torch.bfloat16,torch.bfloat16,False,False
13362,24576,6144,False,torch.bfloat16,torch.bfloat16,False,False
13362,6144,12288,False,torch.bfloat16,torch.bfloat16,False,False
13362,9856,6144,False,torch.bfloat16,torch.bfloat16,False,False
13362,128,6144,False,torch.bfloat16,torch.bfloat16,False,False
7630,9216,6144,False,torch.bfloat16,torch.bfloat16,False,False
7630,6144,8192,False,torch.bfloat16,torch.bfloat16,False,False
7630,24576,6144,False,torch.bfloat16,torch.bfloat16,False,False
7630,6144,12288,False,torch.bfloat16,torch.bfloat16,False,False
7630,9856,6144,False,torch.bfloat16,torch.bfloat16,False,False
7630,128,6144,False,torch.bfloat16,torch.bfloat16,False,False
8127,9216,6144,False,torch.bfloat16,torch.bfloat16,False,False
8127,6144,8192,False,torch.bfloat16,torch.bfloat16,False,False
8127,24576,6144,False,torch.bfloat16,torch.bfloat16,False,False
8127,6144,12288,False,torch.bfloat16,torch.bfloat16,False,False
8127,9856,6144,False,torch.bfloat16,torch.bfloat16,False,False
8127,128,6144,False,torch.bfloat16,torch.bfloat16,False,False
8065,9216,6144,False,torch.bfloat16,torch.bfloat16,False,False
8065,6144,8192,False,torch.bfloat16,torch.bfloat16,False,False
8065,24576,6144,False,torch.bfloat16,torch.bfloat16,False,False
8065,6144,12288,False,torch.bfloat16,torch.bfloat16,False,False
8065,9856,6144,False,torch.bfloat16,torch.bfloat16,False,False
8065,128,6144,False,torch.bfloat16,torch.bfloat16,False,False
7309,9216,6144,False,torch.bfloat16,torch.bfloat16,False,False
7309,6144,8192,False,torch.bfloat16,torch.bfloat16,False,False
7309,24576,6144,False,torch.bfloat16,torch.bfloat16,False,False
7309,6144,12288,False,torch.bfloat16,torch.bfloat16,False,False
7309,9856,6144,False,torch.bfloat16,torch.bfloat16,False,False
7309,128,6144,False,torch.bfloat16,torch.bfloat16,False,False
6826,9216,6144,False,torch.bfloat16,torch.bfloat16,False,False
6826,6144,8192,False,torch.bfloat16,torch.bfloat16,False,False
6826,24576,6144,False,torch.bfloat16,torch.bfloat16,False,False
6826,6144,12288,False,torch.bfloat16,torch.bfloat16,False,False
6826,9856,6144,False,torch.bfloat16,torch.bfloat16,False,False
6826,128,6144,False,torch.bfloat16,torch.bfloat16,False,False
6888,9216,6144,False,torch.bfloat16,torch.bfloat16,False,False
6888,6144,8192,False,torch.bfloat16,torch.bfloat16,False,False
6888,24576,6144,False,torch.bfloat16,torch.bfloat16,False,False
6888,6144,12288,False,torch.bfloat16,torch.bfloat16,False,False
6888,9856,6144,False,torch.bfloat16,torch.bfloat16,False,False
6888,128,6144,False,torch.bfloat16,torch.bfloat16,False,False
6941,9216,6144,False,torch.bfloat16,torch.bfloat16,False,False
6941,6144,8192,False,torch.bfloat16,torch.bfloat16,False,False
6941,24576,6144,False,torch.bfloat16,torch.bfloat16,False,False
6941,6144,12288,False,torch.bfloat16,torch.bfloat16,False,False
6941,9856,6144,False,torch.bfloat16,torch.bfloat16,False,False
6941,128,6144,False,torch.bfloat16,torch.bfloat16,False,False
7619,9216,6144,False,torch.bfloat16,torch.bfloat16,False,False
7619,6144,8192,False,torch.bfloat16,torch.bfloat16,False,False
7619,24576,6144,False,torch.bfloat16,torch.bfloat16,False,False
7619,6144,12288,False,torch.bfloat16,torch.bfloat16,False,False
7619,9856,6144,False,torch.bfloat16,torch.bfloat16,False,False
7619,128,6144,False,torch.bfloat16,torch.bfloat16,False,False
8019,9216,6144,False,torch.bfloat16,torch.bfloat16,False,False
8019,6144,8192,False,torch.bfloat16,torch.bfloat16,False,False
8019,24576,6144,False,torch.bfloat16,torch.bfloat16,False,False
8019,6144,12288,False,torch.bfloat16,torch.bfloat16,False,False
8019,9856,6144,False,torch.bfloat16,torch.bfloat16,False,False
8019,128,6144,False,torch.bfloat16,torch.bfloat16,False,False
7441,9216,6144,False,torch.bfloat16,torch.bfloat16,False,False
7441,6144,8192,False,torch.bfloat16,torch.bfloat16,False,False
7441,24576,6144,False,torch.bfloat16,torch.bfloat16,False,False
7441,6144,12288,False,torch.bfloat16,torch.bfloat16,False,False
7441,9856,6144,False,torch.bfloat16,torch.bfloat16,False,False
7441,128,6144,False,torch.bfloat16,torch.bfloat16,False,False
6810,9216,6144,False,torch.bfloat16,torch.bfloat16,False,False
6810,6144,8192,False,torch.bfloat16,torch.bfloat16,False,False
6810,24576,6144,False,torch.bfloat16,torch.bfloat16,False,False
6810,6144,12288,False,torch.bfloat16,torch.bfloat16,False,False
6810,9856,6144,False,torch.bfloat16,torch.bfloat16,False,False
6810,128,6144,False,torch.bfloat16,torch.bfloat16,False,False
7898,9216,6144,False,torch.bfloat16,torch.bfloat16,False,False
7898,6144,8192,False,torch.bfloat16,torch.bfloat16,False,False
7898,24576,6144,False,torch.bfloat16,torch.bfloat16,False,False
7898,6144,12288,False,torch.bfloat16,torch.bfloat16,False,False
7898,9856,6144,False,torch.bfloat16,torch.bfloat16,False,False
7898,128,6144,False,torch.bfloat16,torch.bfloat16,False,False
6610,9216,6144,False,torch.bfloat16,torch.bfloat16,False,False
6610,6144,8192,False,torch.bfloat16,torch.bfloat16,False,False
6610,24576,6144,False,torch.bfloat16,torch.bfloat16,False,False
6610,6144,12288,False,torch.bfloat16,torch.bfloat16,False,False
6610,9856,6144,False,torch.bfloat16,torch.bfloat16,False,False
6610,128,6144,False,torch.bfloat16,torch.bfloat16,False,False
6844,9216,6144,False,torch.bfloat16,torch.bfloat16,False,False
6844,6144,8192,False,torch.bfloat16,torch.bfloat16,False,False
6844,24576,6144,False,torch.bfloat16,torch.bfloat16,False,False
6844,6144,12288,False,torch.bfloat16,torch.bfloat16,False,False
6844,9856,6144,False,torch.bfloat16,torch.bfloat16,False,False
6844,128,6144,False,torch.bfloat16,torch.bfloat16,False,False
7696,9216,6144,False,torch.bfloat16,torch.bfloat16,False,False
7696,6144,8192,False,torch.bfloat16,torch.bfloat16,False,False
7696,24576,6144,False,torch.bfloat16,torch.bfloat16,False,False
7696,6144,12288,False,torch.bfloat16,torch.bfloat16,False,False
7696,9856,6144,False,torch.bfloat16,torch.bfloat16,False,False
7696,128,6144,False,torch.bfloat16,torch.bfloat16,False,False
7332,9216,6144,False,torch.bfloat16,torch.bfloat16,False,False
7332,6144,8192,False,torch.bfloat16,torch.bfloat16,False,False
7332,24576,6144,False,torch.bfloat16,torch.bfloat16,False,False
7332,6144,12288,False,torch.bfloat16,torch.bfloat16,False,False
7332,9856,6144,False,torch.bfloat16,torch.bfloat16,False,False
7332,128,6144,False,torch.bfloat16,torch.bfloat16,False,False
6983,9216,6144,False,torch.bfloat16,torch.bfloat16,False,False
6983,6144,8192,False,torch.bfloat16,torch.bfloat16,False,False
6983,24576,6144,False,torch.bfloat16,torch.bfloat16,False,False
6983,6144,12288,False,torch.bfloat16,torch.bfloat16,False,False
6983,9856,6144,False,torch.bfloat16,torch.bfloat16,False,False
6983,128,6144,False,torch.bfloat16,torch.bfloat16,False,False
7659,9216,6144,False,torch.bfloat16,torch.bfloat16,False,False
7659,6144,8192,False,torch.bfloat16,torch.bfloat16,False,False
7659,24576,6144,False,torch.bfloat16,torch.bfloat16,False,False
7659,6144,12288,False,torch.bfloat16,torch.bfloat16,False,False
7659,9856,6144,False,torch.bfloat16,torch.bfloat16,False,False
7659,128,6144,False,torch.bfloat16,torch.bfloat16,False,False
6644,9216,6144,False,torch.bfloat16,torch.bfloat16,False,False
6644,6144,8192,False,torch.bfloat16,torch.bfloat16,False,False
6644,24576,6144,False,torch.bfloat16,torch.bfloat16,False,False
6644,6144,12288,False,torch.bfloat16,torch.bfloat16,False,False
6644,9856,6144,False,torch.bfloat16,torch.bfloat16,False,False
6644,128,6144,False,torch.bfloat16,torch.bfloat16,False,False
6951,9216,6144,False,torch.bfloat16,torch.bfloat16,False,False
6951,6144,8192,False,torch.bfloat16,torch.bfloat16,False,False
6951,24576,6144,False,torch.bfloat16,torch.bfloat16,False,False
6951,6144,12288,False,torch.bfloat16,torch.bfloat16,False,False
6951,9856,6144,False,torch.bfloat16,torch.bfloat16,False,False
6951,128,6144,False,torch.bfloat16,torch.bfloat16,False,False
7164,9216,6144,False,torch.bfloat16,torch.bfloat16,False,False
7164,6144,8192,False,torch.bfloat16,torch.bfloat16,False,False
7164,24576,6144,False,torch.bfloat16,torch.bfloat16,False,False
7164,6144,12288,False,torch.bfloat16,torch.bfloat16,False,False
7164,9856,6144,False,torch.bfloat16,torch.bfloat16,False,False
7164,128,6144,False,torch.bfloat16,torch.bfloat16,False,False
8142,9216,6144,False,torch.bfloat16,torch.bfloat16,False,False
8142,6144,8192,False,torch.bfloat16,torch.bfloat16,False,False
8142,24576,6144,False,torch.bfloat16,torch.bfloat16,False,False
8142,6144,12288,False,torch.bfloat16,torch.bfloat16,False,False
8142,9856,6144,False,torch.bfloat16,torch.bfloat16,False,False
8142,128,6144,False,torch.bfloat16,torch.bfloat16,False,False
7461,9216,6144,False,torch.bfloat16,torch.bfloat16,False,False
7461,6144,8192,False,torch.bfloat16,torch.bfloat16,False,False
7461,24576,6144,False,torch.bfloat16,torch.bfloat16,False,False
7461,6144,12288,False,torch.bfloat16,torch.bfloat16,False,False
7461,9856,6144,False,torch.bfloat16,torch.bfloat16,False,False
7461,128,6144,False,torch.bfloat16,torch.bfloat16,False,False
7186,9216,6144,False,torch.bfloat16,torch.bfloat16,False,False
7186,6144,8192,False,torch.bfloat16,torch.bfloat16,False,False
7186,24576,6144,False,torch.bfloat16,torch.bfloat16,False,False
7186,6144,12288,False,torch.bfloat16,torch.bfloat16,False,False
7186,9856,6144,False,torch.bfloat16,torch.bfloat16,False,False
7186,128,6144,False,torch.bfloat16,torch.bfloat16,False,False
6637,9216,6144,False,torch.bfloat16,torch.bfloat16,False,False
6637,6144,8192,False,torch.bfloat16,torch.bfloat16,False,False
6637,24576,6144,False,torch.bfloat16,torch.bfloat16,False,False
6637,6144,12288,False,torch.bfloat16,torch.bfloat16,False,False
6637,9856,6144,False,torch.bfloat16,torch.bfloat16,False,False
6637,128,6144,False,torch.bfloat16,torch.bfloat16,False,False
6756,9216,6144,False,torch.bfloat16,torch.bfloat16,False,False
6756,6144,8192,False,torch.bfloat16,torch.bfloat16,False,False
6756,24576,6144,False,torch.bfloat16,torch.bfloat16,False,False
6756,6144,12288,False,torch.bfloat16,torch.bfloat16,False,False
6756,9856,6144,False,torch.bfloat16,torch.bfloat16,False,False
6756,128,6144,False,torch.bfloat16,torch.bfloat16,False,False
6877,9216,6144,False,torch.bfloat16,torch.bfloat16,False,False
6877,6144,8192,False,torch.bfloat16,torch.bfloat16,False,False
6877,24576,6144,False,torch.bfloat16,torch.bfloat16,False,False
6877,6144,12288,False,torch.bfloat16,torch.bfloat16,False,False
6877,9856,6144,False,torch.bfloat16,torch.bfloat16,False,False
6877,128,6144,False,torch.bfloat16,torch.bfloat16,False,False
7327,9216,6144,False,torch.bfloat16,torch.bfloat16,False,False
7327,6144,8192,False,torch.bfloat16,torch.bfloat16,False,False
7327,24576,6144,False,torch.bfloat16,torch.bfloat16,False,False
7327,6144,12288,False,torch.bfloat16,torch.bfloat16,False,False
7327,9856,6144,False,torch.bfloat16,torch.bfloat16,False,False
7327,128,6144,False,torch.bfloat16,torch.bfloat16,False,False
7517,9216,6144,False,torch.bfloat16,torch.bfloat16,False,False
7517,6144,8192,False,torch.bfloat16,torch.bfloat16,False,False
7517,24576,6144,False,torch.bfloat16,torch.bfloat16,False,False
7517,6144,12288,False,torch.bfloat16,torch.bfloat16,False,False
7517,9856,6144,False,torch.bfloat16,torch.bfloat16,False,False
7517,128,6144,False,torch.bfloat16,torch.bfloat16,False,False
7624,9216,6144,False,torch.bfloat16,torch.bfloat16,False,False
7624,6144,8192,False,torch.bfloat16,torch.bfloat16,False,False
7624,24576,6144,False,torch.bfloat16,torch.bfloat16,False,False
7624,6144,12288,False,torch.bfloat16,torch.bfloat16,False,False
7624,9856,6144,False,torch.bfloat16,torch.bfloat16,False,False
7624,128,6144,False,torch.bfloat16,torch.bfloat16,False,False
7708,9216,6144,False,torch.bfloat16,torch.bfloat16,False,False
7708,6144,8192,False,torch.bfloat16,torch.bfloat16,False,False
7708,24576,6144,False,torch.bfloat16,torch.bfloat16,False,False
7708,6144,12288,False,torch.bfloat16,torch.bfloat16,False,False
7708,9856,6144,False,torch.bfloat16,torch.bfloat16,False,False
7708,128,6144,False,torch.bfloat16,torch.bfloat16,False,False
7525,9216,6144,False,torch.bfloat16,torch.bfloat16,False,False
7525,6144,8192,False,torch.bfloat16,torch.bfloat16,False,False
7525,24576,6144,False,torch.bfloat16,torch.bfloat16,False,False
7525,6144,12288,False,torch.bfloat16,torch.bfloat16,False,False
7525,9856,6144,False,torch.bfloat16,torch.bfloat16,False,False
7525,128,6144,False,torch.bfloat16,torch.bfloat16,False,False
7421,9216,6144,False,torch.bfloat16,torch.bfloat16,False,False
7421,6144,8192,False,torch.bfloat16,torch.bfloat16,False,False
7421,24576,6144,False,torch.bfloat16,torch.bfloat16,False,False
7421,6144,12288,False,torch.bfloat16,torch.bfloat16,False,False
7421,9856,6144,False,torch.bfloat16,torch.bfloat16,False,False
7421,128,6144,False,torch.bfloat16,torch.bfloat16,False,False
7757,9216,6144,False,torch.bfloat16,torch.bfloat16,False,False
7757,6144,8192,False,torch.bfloat16,torch.bfloat16,False,False
7757,24576,6144,False,torch.bfloat16,torch.bfloat16,False,False
7757,6144,12288,False,torch.bfloat16,torch.bfloat16,False,False
7757,9856,6144,False,torch.bfloat16,torch.bfloat16,False,False
7757,128,6144,False,torch.bfloat16,torch.bfloat16,False,False
7720,9216,6144,False,torch.bfloat16,torch.bfloat16,False,False
7720,6144,8192,False,torch.bfloat16,torch.bfloat16,False,False
7720,24576,6144,False,torch.bfloat16,torch.bfloat16,False,False
7720,6144,12288,False,torch.bfloat16,torch.bfloat16,False,False
7720,9856,6144,False,torch.bfloat16,torch.bfloat16,False,False
7720,128,6144,False,torch.bfloat16,torch.bfloat16,False,False
7804,9216,6144,False,torch.bfloat16,torch.bfloat16,False,False
7804,6144,8192,False,torch.bfloat16,torch.bfloat16,False,False
7804,24576,6144,False,torch.bfloat16,torch.bfloat16,False,False
7804,6144,12288,False,torch.bfloat16,torch.bfloat16,False,False
7804,9856,6144,False,torch.bfloat16,torch.bfloat16,False,False
7804,128,6144,False,torch.bfloat16,torch.bfloat16,False,False
7507,9216,6144,False,torch.bfloat16,torch.bfloat16,False,False
7507,6144,8192,False,torch.bfloat16,torch.bfloat16,False,False
7507,24576,6144,False,torch.bfloat16,torch.bfloat16,False,False
7507,6144,12288,False,torch.bfloat16,torch.bfloat16,False,False
7507,9856,6144,False,torch.bfloat16,torch.bfloat16,False,False
7507,128,6144,False,torch.bfloat16,torch.bfloat16,False,False
7344,9216,6144,False,torch.bfloat16,torch.bfloat16,False,False
7344,6144,8192,False,torch.bfloat16,torch.bfloat16,False,False
7344,24576,6144,False,torch.bfloat16,torch.bfloat16,False,False
7344,6144,12288,False,torch.bfloat16,torch.bfloat16,False,False
7344,9856,6144,False,torch.bfloat16,torch.bfloat16,False,False
7344,128,6144,False,torch.bfloat16,torch.bfloat16,False,False
7272,9216,6144,False,torch.bfloat16,torch.bfloat16,False,False
7272,6144,8192,False,torch.bfloat16,torch.bfloat16,False,False
7272,24576,6144,False,torch.bfloat16,torch.bfloat16,False,False
7272,6144,12288,False,torch.bfloat16,torch.bfloat16,False,False
7272,9856,6144,False,torch.bfloat16,torch.bfloat16,False,False
7272,128,6144,False,torch.bfloat16,torch.bfloat16,False,False
7462,9216,6144,False,torch.bfloat16,torch.bfloat16,False,False
7462,6144,8192,False,torch.bfloat16,torch.bfloat16,False,False
7462,24576,6144,False,torch.bfloat16,torch.bfloat16,False,False
7462,6144,12288,False,torch.bfloat16,torch.bfloat16,False,False
7462,9856,6144,False,torch.bfloat16,torch.bfloat16,False,False
7462,128,6144,False,torch.bfloat16,torch.bfloat16,False,False
6926,9216,6144,False,torch.bfloat16,torch.bfloat16,False,False
6926,6144,8192,False,torch.bfloat16,torch.bfloat16,False,False
6926,24576,6144,False,torch.bfloat16,torch.bfloat16,False,False
6926,6144,12288,False,torch.bfloat16,torch.bfloat16,False,False
6926,9856,6144,False,torch.bfloat16,torch.bfloat16,False,False
6926,128,6144,False,torch.bfloat16,torch.bfloat16,False,False
7113,9216,6144,False,torch.bfloat16,torch.bfloat16,False,False
7113,6144,8192,False,torch.bfloat16,torch.bfloat16,False,False
7113,24576,6144,False,torch.bfloat16,torch.bfloat16,False,False
7113,6144,12288,False,torch.bfloat16,torch.bfloat16,False,False
7113,9856,6144,False,torch.bfloat16,torch.bfloat16,False,False
7113,128,6144,False,torch.bfloat16,torch.bfloat16,False,False
7882,9216,6144,False,torch.bfloat16,torch.bfloat16,False,False
7882,6144,8192,False,torch.bfloat16,torch.bfloat16,False,False
7882,24576,6144,False,torch.bfloat16,torch.bfloat16,False,False
7882,6144,12288,False,torch.bfloat16,torch.bfloat16,False,False
7882,9856,6144,False,torch.bfloat16,torch.bfloat16,False,False
7882,128,6144,False,torch.bfloat16,torch.bfloat16,False,False
8158,9216,6144,False,torch.bfloat16,torch.bfloat16,False,False
8158,6144,8192,False,torch.bfloat16,torch.bfloat16,False,False
8158,24576,6144,False,torch.bfloat16,torch.bfloat16,False,False
8158,6144,12288,False,torch.bfloat16,torch.bfloat16,False,False
8158,9856,6144,False,torch.bfloat16,torch.bfloat16,False,False
8158,128,6144,False,torch.bfloat16,torch.bfloat16,False,False
6722,9216,6144,False,torch.bfloat16,torch.bfloat16,False,False
6722,6144,8192,False,torch.bfloat16,torch.bfloat16,False,False
6722,24576,6144,False,torch.bfloat16,torch.bfloat16,False,False
6722,6144,12288,False,torch.bfloat16,torch.bfloat16,False,False
6722,9856,6144,False,torch.bfloat16,torch.bfloat16,False,False
6722,128,6144,False,torch.bfloat16,torch.bfloat16,False,False
8025,9216,6144,False,torch.bfloat16,torch.bfloat16,False,False
8025,6144,8192,False,torch.bfloat16,torch.bfloat16,False,False
8025,24576,6144,False,torch.bfloat16,torch.bfloat16,False,False
8025,6144,12288,False,torch.bfloat16,torch.bfloat16,False,False
8025,9856,6144,False,torch.bfloat16,torch.bfloat16,False,False
8025,128,6144,False,torch.bfloat16,torch.bfloat16,False,False
7672,9216,6144,False,torch.bfloat16,torch.bfloat16,False,False
7672,6144,8192,False,torch.bfloat16,torch.bfloat16,False,False
7672,24576,6144,False,torch.bfloat16,torch.bfloat16,False,False
7672,6144,12288,False,torch.bfloat16,torch.bfloat16,False,False
7672,9856,6144,False,torch.bfloat16,torch.bfloat16,False,False
7672,128,6144,False,torch.bfloat16,torch.bfloat16,False,False
7774,9216,6144,False,torch.bfloat16,torch.bfloat16,False,False
7774,6144,8192,False,torch.bfloat16,torch.bfloat16,False,False
7774,24576,6144,False,torch.bfloat16,torch.bfloat16,False,False
7774,6144,12288,False,torch.bfloat16,torch.bfloat16,False,False
7774,9856,6144,False,torch.bfloat16,torch.bfloat16,False,False
7774,128,6144,False,torch.bfloat16,torch.bfloat16,False,False
8183,9216,6144,False,torch.bfloat16,torch.bfloat16,False,False
8183,6144,8192,False,torch.bfloat16,torch.bfloat16,False,False
8183,24576,6144,False,torch.bfloat16,torch.bfloat16,False,False
8183,6144,12288,False,torch.bfloat16,torch.bfloat16,False,False
8183,9856,6144,False,torch.bfloat16,torch.bfloat16,False,False
8183,128,6144,False,torch.bfloat16,torch.bfloat16,False,False
6809,9216,6144,False,torch.bfloat16,torch.bfloat16,False,False
6809,6144,8192,False,torch.bfloat16,torch.bfloat16,False,False
6809,24576,6144,False,torch.bfloat16,torch.bfloat16,False,False
6809,6144,12288,False,torch.bfloat16,torch.bfloat16,False,False
6809,9856,6144,False,torch.bfloat16,torch.bfloat16,False,False
6809,128,6144,False,torch.bfloat16,torch.bfloat16,False,False
7869,9216,6144,False,torch.bfloat16,torch.bfloat16,False,False
7869,6144,8192,False,torch.bfloat16,torch.bfloat16,False,False
7869,24576,6144,False,torch.bfloat16,torch.bfloat16,False,False
7869,6144,12288,False,torch.bfloat16,torch.bfloat16,False,False
7869,9856,6144,False,torch.bfloat16,torch.bfloat16,False,False
7869,128,6144,False,torch.bfloat16,torch.bfloat16,False,False
7369,9216,6144,False,torch.bfloat16,torch.bfloat16,False,False
7369,6144,8192,False,torch.bfloat16,torch.bfloat16,False,False
7369,24576,6144,False,torch.bfloat16,torch.bfloat16,False,False
7369,6144,12288,False,torch.bfloat16,torch.bfloat16,False,False
7369,9856,6144,False,torch.bfloat16,torch.bfloat16,False,False
7369,128,6144,False,torch.bfloat16,torch.bfloat16,False,False
6940,9216,6144,False,torch.bfloat16,torch.bfloat16,False,False
6940,6144,8192,False,torch.bfloat16,torch.bfloat16,False,False
6940,24576,6144,False,torch.bfloat16,torch.bfloat16,False,False
6940,6144,12288,False,torch.bfloat16,torch.bfloat16,False,False
6940,9856,6144,False,torch.bfloat16,torch.bfloat16,False,False
6940,128,6144,False,torch.bfloat16,torch.bfloat16,False,False
16318,9216,6144,False,torch.bfloat16,torch.bfloat16,False,False
16318,6144,8192,False,torch.bfloat16,torch.bfloat16,False,False
16318,24576,6144,False,torch.bfloat16,torch.bfloat16,False,False
16318,6144,12288,False,torch.bfloat16,torch.bfloat16,False,False
16318,9856,6144,False,torch.bfloat16,torch.bfloat16,False,False
16318,128,6144,False,torch.bfloat16,torch.bfloat16,False,False
7526,9216,6144,False,torch.bfloat16,torch.bfloat16,False,False
7526,6144,8192,False,torch.bfloat16,torch.bfloat16,False,False
7526,24576,6144,False,torch.bfloat16,torch.bfloat16,False,False
7526,6144,12288,False,torch.bfloat16,torch.bfloat16,False,False
7526,9856,6144,False,torch.bfloat16,torch.bfloat16,False,False
7526,128,6144,False,torch.bfloat16,torch.bfloat16,False,False
6921,9216,6144,False,torch.bfloat16,torch.bfloat16,False,False
6921,6144,8192,False,torch.bfloat16,torch.bfloat16,False,False
6921,24576,6144,False,torch.bfloat16,torch.bfloat16,False,False
6921,6144,12288,False,torch.bfloat16,torch.bfloat16,False,False
6921,9856,6144,False,torch.bfloat16,torch.bfloat16,False,False
6921,128,6144,False,torch.bfloat16,torch.bfloat16,False,False
7470,9216,6144,False,torch.bfloat16,torch.bfloat16,False,False
7470,6144,8192,False,torch.bfloat16,torch.bfloat16,False,False
7470,24576,6144,False,torch.bfloat16,torch.bfloat16,False,False
7470,6144,12288,False,torch.bfloat16,torch.bfloat16,False,False
7470,9856,6144,False,torch.bfloat16,torch.bfloat16,False,False
7470,128,6144,False,torch.bfloat16,torch.bfloat16,False,False
6754,9216,6144,False,torch.bfloat16,torch.bfloat16,False,False
6754,6144,8192,False,torch.bfloat16,torch.bfloat16,False,False
6754,24576,6144,False,torch.bfloat16,torch.bfloat16,False,False
6754,6144,12288,False,torch.bfloat16,torch.bfloat16,False,False
6754,9856,6144,False,torch.bfloat16,torch.bfloat16,False,False
6754,128,6144,False,torch.bfloat16,torch.bfloat16,False,False
6936,9216,6144,False,torch.bfloat16,torch.bfloat16,False,False
6936,6144,8192,False,torch.bfloat16,torch.bfloat16,False,False
6936,24576,6144,False,torch.bfloat16,torch.bfloat16,False,False
6936,6144,12288,False,torch.bfloat16,torch.bfloat16,False,False
6936,9856,6144,False,torch.bfloat16,torch.bfloat16,False,False
6936,128,6144,False,torch.bfloat16,torch.bfloat16,False,False
8089,9216,6144,False,torch.bfloat16,torch.bfloat16,False,False
8089,6144,8192,False,torch.bfloat16,torch.bfloat16,False,False
8089,24576,6144,False,torch.bfloat16,torch.bfloat16,False,False
8089,6144,12288,False,torch.bfloat16,torch.bfloat16,False,False
8089,9856,6144,False,torch.bfloat16,torch.bfloat16,False,False
8089,128,6144,False,torch.bfloat16,torch.bfloat16,False,False
6923,9216,6144,False,torch.bfloat16,torch.bfloat16,False,False
6923,6144,8192,False,torch.bfloat16,torch.bfloat16,False,False
6923,24576,6144,False,torch.bfloat16,torch.bfloat16,False,False
6923,6144,12288,False,torch.bfloat16,torch.bfloat16,False,False
6923,9856,6144,False,torch.bfloat16,torch.bfloat16,False,False
6923,128,6144,False,torch.bfloat16,torch.bfloat16,False,False
7108,9216,6144,False,torch.bfloat16,torch.bfloat16,False,False
7108,6144,8192,False,torch.bfloat16,torch.bfloat16,False,False
7108,24576,6144,False,torch.bfloat16,torch.bfloat16,False,False
7108,6144,12288,False,torch.bfloat16,torch.bfloat16,False,False
7108,9856,6144,False,torch.bfloat16,torch.bfloat16,False,False
7108,128,6144,False,torch.bfloat16,torch.bfloat16,False,False
7960,9216,6144,False,torch.bfloat16,torch.bfloat16,False,False
7960,6144,8192,False,torch.bfloat16,torch.bfloat16,False,False
7960,24576,6144,False,torch.bfloat16,torch.bfloat16,False,False
7960,6144,12288,False,torch.bfloat16,torch.bfloat16,False,False
7960,9856,6144,False,torch.bfloat16,torch.bfloat16,False,False
7960,128,6144,False,torch.bfloat16,torch.bfloat16,False,False
6576,9216,6144,False,torch.bfloat16,torch.bfloat16,False,False
6576,6144,8192,False,torch.bfloat16,torch.bfloat16,False,False
6576,24576,6144,False,torch.bfloat16,torch.bfloat16,False,False
6576,6144,12288,False,torch.bfloat16,torch.bfloat16,False,False
6576,9856,6144,False,torch.bfloat16,torch.bfloat16,False,False
6576,128,6144,False,torch.bfloat16,torch.bfloat16,False,False
6683,9216,6144,False,torch.bfloat16,torch.bfloat16,False,False
6683,6144,8192,False,torch.bfloat16,torch.bfloat16,False,False
6683,24576,6144,False,torch.bfloat16,torch.bfloat16,False,False
6683,6144,12288,False,torch.bfloat16,torch.bfloat16,False,False
6683,9856,6144,False,torch.bfloat16,torch.bfloat16,False,False
6683,128,6144,False,torch.bfloat16,torch.bfloat16,False,False
6930,9216,6144,False,torch.bfloat16,torch.bfloat16,False,False
6930,6144,8192,False,torch.bfloat16,torch.bfloat16,False,False
6930,24576,6144,False,torch.bfloat16,torch.bfloat16,False,False
6930,6144,12288,False,torch.bfloat16,torch.bfloat16,False,False
6930,9856,6144,False,torch.bfloat16,torch.bfloat16,False,False
6930,128,6144,False,torch.bfloat16,torch.bfloat16,False,False
6651,9216,6144,False,torch.bfloat16,torch.bfloat16,False,False
6651,6144,8192,False,torch.bfloat16,torch.bfloat16,False,False
6651,24576,6144,False,torch.bfloat16,torch.bfloat16,False,False
6651,6144,12288,False,torch.bfloat16,torch.bfloat16,False,False
6651,9856,6144,False,torch.bfloat16,torch.bfloat16,False,False
6651,128,6144,False,torch.bfloat16,torch.bfloat16,False,False
8151,9216,6144,False,torch.bfloat16,torch.bfloat16,False,False
8151,6144,8192,False,torch.bfloat16,torch.bfloat16,False,False
8151,24576,6144,False,torch.bfloat16,torch.bfloat16,False,False
8151,6144,12288,False,torch.bfloat16,torch.bfloat16,False,False
8151,9856,6144,False,torch.bfloat16,torch.bfloat16,False,False
8151,128,6144,False,torch.bfloat16,torch.bfloat16,False,False
7484,9216,6144,False,torch.bfloat16,torch.bfloat16,False,False
7484,6144,8192,False,torch.bfloat16,torch.bfloat16,False,False
7484,24576,6144,False,torch.bfloat16,torch.bfloat16,False,False
7484,6144,12288,False,torch.bfloat16,torch.bfloat16,False,False
7484,9856,6144,False,torch.bfloat16,torch.bfloat16,False,False
7484,128,6144,False,torch.bfloat16,torch.bfloat16,False,False
7287,9216,6144,False,torch.bfloat16,torch.bfloat16,False,False
7287,6144,8192,False,torch.bfloat16,torch.bfloat16,False,False
7287,24576,6144,False,torch.bfloat16,torch.bfloat16,False,False
7287,6144,12288,False,torch.bfloat16,torch.bfloat16,False,False
7287,9856,6144,False,torch.bfloat16,torch.bfloat16,False,False
7287,128,6144,False,torch.bfloat16,torch.bfloat16,False,False
6676,9216,6144,False,torch.bfloat16,torch.bfloat16,False,False
6676,6144,8192,False,torch.bfloat16,torch.bfloat16,False,False
6676,24576,6144,False,torch.bfloat16,torch.bfloat16,False,False
6676,6144,12288,False,torch.bfloat16,torch.bfloat16,False,False
6676,9856,6144,False,torch.bfloat16,torch.bfloat16,False,False
6676,128,6144,False,torch.bfloat16,torch.bfloat16,False,False
7147,9216,6144,False,torch.bfloat16,torch.bfloat16,False,False
7147,6144,8192,False,torch.bfloat16,torch.bfloat16,False,False
7147,24576,6144,False,torch.bfloat16,torch.bfloat16,False,False
7147,6144,12288,False,torch.bfloat16,torch.bfloat16,False,False
7147,9856,6144,False,torch.bfloat16,torch.bfloat16,False,False
7147,128,6144,False,torch.bfloat16,torch.bfloat16,False,False
7292,9216,6144,False,torch.bfloat16,torch.bfloat16,False,False
7292,6144,8192,False,torch.bfloat16,torch.bfloat16,False,False
7292,24576,6144,False,torch.bfloat16,torch.bfloat16,False,False
7292,6144,12288,False,torch.bfloat16,torch.bfloat16,False,False
7292,9856,6144,False,torch.bfloat16,torch.bfloat16,False,False
7292,128,6144,False,torch.bfloat16,torch.bfloat16,False,False
7725,9216,6144,False,torch.bfloat16,torch.bfloat16,False,False
7725,6144,8192,False,torch.bfloat16,torch.bfloat16,False,False
7725,24576,6144,False,torch.bfloat16,torch.bfloat16,False,False
7725,6144,12288,False,torch.bfloat16,torch.bfloat16,False,False
7725,9856,6144,False,torch.bfloat16,torch.bfloat16,False,False
7725,128,6144,False,torch.bfloat16,torch.bfloat16,False,False
6762,9216,6144,False,torch.bfloat16,torch.bfloat16,False,False
6762,6144,8192,False,torch.bfloat16,torch.bfloat16,False,False
6762,24576,6144,False,torch.bfloat16,torch.bfloat16,False,False
6762,6144,12288,False,torch.bfloat16,torch.bfloat16,False,False
6762,9856,6144,False,torch.bfloat16,torch.bfloat16,False,False
6762,128,6144,False,torch.bfloat16,torch.bfloat16,False,False
7115,9216,6144,False,torch.bfloat16,torch.bfloat16,False,False
7115,6144,8192,False,torch.bfloat16,torch.bfloat16,False,False
7115,24576,6144,False,torch.bfloat16,torch.bfloat16,False,False
7115,6144,12288,False,torch.bfloat16,torch.bfloat16,False,False
7115,9856,6144,False,torch.bfloat16,torch.bfloat16,False,False
7115,128,6144,False,torch.bfloat16,torch.bfloat16,False,False
7988,9216,6144,False,torch.bfloat16,torch.bfloat16,False,False
7988,6144,8192,False,torch.bfloat16,torch.bfloat16,False,False
7988,24576,6144,False,torch.bfloat16,torch.bfloat16,False,False
7988,6144,12288,False,torch.bfloat16,torch.bfloat16,False,False
7988,9856,6144,False,torch.bfloat16,torch.bfloat16,False,False
7988,128,6144,False,torch.bfloat16,torch.bfloat16,False,False
7335,9216,6144,False,torch.bfloat16,torch.bfloat16,False,False
7335,6144,8192,False,torch.bfloat16,torch.bfloat16,False,False
7335,24576,6144,False,torch.bfloat16,torch.bfloat16,False,False
7335,6144,12288,False,torch.bfloat16,torch.bfloat16,False,False
7335,9856,6144,False,torch.bfloat16,torch.bfloat16,False,False
7335,128,6144,False,torch.bfloat16,torch.bfloat16,False,False
7618,9216,6144,False,torch.bfloat16,torch.bfloat16,False,False
7618,6144,8192,False,torch.bfloat16,torch.bfloat16,False,False
7618,24576,6144,False,torch.bfloat16,torch.bfloat16,False,False
7618,6144,12288,False,torch.bfloat16,torch.bfloat16,False,False
7618,9856,6144,False,torch.bfloat16,torch.bfloat16,False,False
7618,128,6144,False,torch.bfloat16,torch.bfloat16,False,False
7635,9216,6144,False,torch.bfloat16,torch.bfloat16,False,False
7635,6144,8192,False,torch.bfloat16,torch.bfloat16,False,False
7635,24576,6144,False,torch.bfloat16,torch.bfloat16,False,False
7635,6144,12288,False,torch.bfloat16,torch.bfloat16,False,False
7635,9856,6144,False,torch.bfloat16,torch.bfloat16,False,False
7635,128,6144,False,torch.bfloat16,torch.bfloat16,False,False
7258,9216,6144,False,torch.bfloat16,torch.bfloat16,False,False
7258,6144,8192,False,torch.bfloat16,torch.bfloat16,False,False
7258,24576,6144,False,torch.bfloat16,torch.bfloat16,False,False
7258,6144,12288,False,torch.bfloat16,torch.bfloat16,False,False
7258,9856,6144,False,torch.bfloat16,torch.bfloat16,False,False
7258,128,6144,False,torch.bfloat16,torch.bfloat16,False,False
7613,9216,6144,False,torch.bfloat16,torch.bfloat16,False,False
7613,6144,8192,False,torch.bfloat16,torch.bfloat16,False,False
7613,24576,6144,False,torch.bfloat16,torch.bfloat16,False,False
7613,6144,12288,False,torch.bfloat16,torch.bfloat16,False,False
7613,9856,6144,False,torch.bfloat16,torch.bfloat16,False,False
7613,128,6144,False,torch.bfloat16,torch.bfloat16,False,False
7331,9216,6144,False,torch.bfloat16,torch.bfloat16,False,False
7331,6144,8192,False,torch.bfloat16,torch.bfloat16,False,False
7331,24576,6144,False,torch.bfloat16,torch.bfloat16,False,False
7331,6144,12288,False,torch.bfloat16,torch.bfloat16,False,False
7331,9856,6144,False,torch.bfloat16,torch.bfloat16,False,False
7331,128,6144,False,torch.bfloat16,torch.bfloat16,False,False
6639,9216,6144,False,torch.bfloat16,torch.bfloat16,False,False
6639,6144,8192,False,torch.bfloat16,torch.bfloat16,False,False
6639,24576,6144,False,torch.bfloat16,torch.bfloat16,False,False
6639,6144,12288,False,torch.bfloat16,torch.bfloat16,False,False
6639,9856,6144,False,torch.bfloat16,torch.bfloat16,False,False
6639,128,6144,False,torch.bfloat16,torch.bfloat16,False,False
7620,9216,6144,False,torch.bfloat16,torch.bfloat16,False,False
7620,6144,8192,False,torch.bfloat16,torch.bfloat16,False,False
7620,24576,6144,False,torch.bfloat16,torch.bfloat16,False,False
7620,6144,12288,False,torch.bfloat16,torch.bfloat16,False,False
7620,9856,6144,False,torch.bfloat16,torch.bfloat16,False,False
7620,128,6144,False,torch.bfloat16,torch.bfloat16,False,False
7425,9216,6144,False,torch.bfloat16,torch.bfloat16,False,False
7425,6144,8192,False,torch.bfloat16,torch.bfloat16,False,False
7425,24576,6144,False,torch.bfloat16,torch.bfloat16,False,False
7425,6144,12288,False,torch.bfloat16,torch.bfloat16,False,False
7425,9856,6144,False,torch.bfloat16,torch.bfloat16,False,False
7425,128,6144,False,torch.bfloat16,torch.bfloat16,False,False
6564,9216,6144,False,torch.bfloat16,torch.bfloat16,False,False
6564,6144,8192,False,torch.bfloat16,torch.bfloat16,False,False
6564,24576,6144,False,torch.bfloat16,torch.bfloat16,False,False
6564,6144,12288,False,torch.bfloat16,torch.bfloat16,False,False
6564,9856,6144,False,torch.bfloat16,torch.bfloat16,False,False
6564,128,6144,False,torch.bfloat16,torch.bfloat16,False,False
7323,9216,6144,False,torch.bfloat16,torch.bfloat16,False,False
7323,6144,8192,False,torch.bfloat16,torch.bfloat16,False,False
7323,24576,6144,False,torch.bfloat16,torch.bfloat16,False,False
7323,6144,12288,False,torch.bfloat16,torch.bfloat16,False,False
7323,9856,6144,False,torch.bfloat16,torch.bfloat16,False,False
7323,128,6144,False,torch.bfloat16,torch.bfloat16,False,False
6860,9216,6144,False,torch.bfloat16,torch.bfloat16,False,False
6860,6144,8192,False,torch.bfloat16,torch.bfloat16,False,False
6860,24576,6144,False,torch.bfloat16,torch.bfloat16,False,False
6860,6144,12288,False,torch.bfloat16,torch.bfloat16,False,False
6860,9856,6144,False,torch.bfloat16,torch.bfloat16,False,False
6860,128,6144,False,torch.bfloat16,torch.bfloat16,False,False
7657,9216,6144,False,torch.bfloat16,torch.bfloat16,False,False
7657,6144,8192,False,torch.bfloat16,torch.bfloat16,False,False
7657,24576,6144,False,torch.bfloat16,torch.bfloat16,False,False
7657,6144,12288,False,torch.bfloat16,torch.bfloat16,False,False
7657,9856,6144,False,torch.bfloat16,torch.bfloat16,False,False
7657,128,6144,False,torch.bfloat16,torch.bfloat16,False,False
6585,9216,6144,False,torch.bfloat16,torch.bfloat16,False,False
6585,6144,8192,False,torch.bfloat16,torch.bfloat16,False,False
6585,24576,6144,False,torch.bfloat16,torch.bfloat16,False,False
6585,6144,12288,False,torch.bfloat16,torch.bfloat16,False,False
6585,9856,6144,False,torch.bfloat16,torch.bfloat16,False,False
6585,128,6144,False,torch.bfloat16,torch.bfloat16,False,False
7759,9216,6144,False,torch.bfloat16,torch.bfloat16,False,False
7759,6144,8192,False,torch.bfloat16,torch.bfloat16,False,False
7759,24576,6144,False,torch.bfloat16,torch.bfloat16,False,False
7759,6144,12288,False,torch.bfloat16,torch.bfloat16,False,False
7759,9856,6144,False,torch.bfloat16,torch.bfloat16,False,False
7759,128,6144,False,torch.bfloat16,torch.bfloat16,False,False
7705,9216,6144,False,torch.bfloat16,torch.bfloat16,False,False
7705,6144,8192,False,torch.bfloat16,torch.bfloat16,False,False
7705,24576,6144,False,torch.bfloat16,torch.bfloat16,False,False
7705,6144,12288,False,torch.bfloat16,torch.bfloat16,False,False
7705,9856,6144,False,torch.bfloat16,torch.bfloat16,False,False
7705,128,6144,False,torch.bfloat16,torch.bfloat16,False,False
14187,9216,6144,False,torch.bfloat16,torch.bfloat16,False,False
14187,6144,8192,False,torch.bfloat16,torch.bfloat16,False,False
14187,24576,6144,False,torch.bfloat16,torch.bfloat16,False,False
14187,6144,12288,False,torch.bfloat16,torch.bfloat16,False,False
14187,9856,6144,False,torch.bfloat16,torch.bfloat16,False,False
14187,128,6144,False,torch.bfloat16,torch.bfloat16,False,False
7751,9216,6144,False,torch.bfloat16,torch.bfloat16,False,False
7751,6144,8192,False,torch.bfloat16,torch.bfloat16,False,False
7751,24576,6144,False,torch.bfloat16,torch.bfloat16,False,False
7751,6144,12288,False,torch.bfloat16,torch.bfloat16,False,False
7751,9856,6144,False,torch.bfloat16,torch.bfloat16,False,False
7751,128,6144,False,torch.bfloat16,torch.bfloat16,False,False
8131,9216,6144,False,torch.bfloat16,torch.bfloat16,False,False
8131,6144,8192,False,torch.bfloat16,torch.bfloat16,False,False
8131,24576,6144,False,torch.bfloat16,torch.bfloat16,False,False
8131,6144,12288,False,torch.bfloat16,torch.bfloat16,False,False
8131,9856,6144,False,torch.bfloat16,torch.bfloat16,False,False
8131,128,6144,False,torch.bfloat16,torch.bfloat16,False,False
7948,9216,6144,False,torch.bfloat16,torch.bfloat16,False,False
7948,6144,8192,False,torch.bfloat16,torch.bfloat16,False,False
7948,24576,6144,False,torch.bfloat16,torch.bfloat16,False,False
7948,6144,12288,False,torch.bfloat16,torch.bfloat16,False,False
7948,9856,6144,False,torch.bfloat16,torch.bfloat16,False,False
7948,128,6144,False,torch.bfloat16,torch.bfloat16,False,False
7761,9216,6144,False,torch.bfloat16,torch.bfloat16,False,False
7761,6144,8192,False,torch.bfloat16,torch.bfloat16,False,False
7761,24576,6144,False,torch.bfloat16,torch.bfloat16,False,False
7761,6144,12288,False,torch.bfloat16,torch.bfloat16,False,False
7761,9856,6144,False,torch.bfloat16,torch.bfloat16,False,False
7761,128,6144,False,torch.bfloat16,torch.bfloat16,False,False
13,9216,6144,False,torch.bfloat16,torch.bfloat16,False,False
13,6144,8192,False,torch.bfloat16,torch.bfloat16,False,False
13,24576,6144,False,torch.bfloat16,torch.bfloat16,False,False
13,6144,12288,False,torch.bfloat16,torch.bfloat16,False,False
13,9856,6144,False,torch.bfloat16,torch.bfloat16,False,False
13,128,6144,False,torch.bfloat16,torch.bfloat16,False,False
13,200064,6144,False,torch.bfloat16,torch.bfloat16,False,False
12,9216,6144,False,torch.bfloat16,torch.bfloat16,False,False
12,6144,8192,False,torch.bfloat16,torch.bfloat16,False,False
12,24576,6144,False,torch.bfloat16,torch.bfloat16,False,False
12,6144,12288,False,torch.bfloat16,torch.bfloat16,False,False
12,9856,6144,False,torch.bfloat16,torch.bfloat16,False,False
12,128,6144,False,torch.bfloat16,torch.bfloat16,False,False
12,200064,6144,False,torch.bfloat16,torch.bfloat16,False,False
11,9216,6144,False,torch.bfloat16,torch.bfloat16,False,False
11,6144,8192,False,torch.bfloat16,torch.bfloat16,False,False
11,24576,6144,False,torch.bfloat16,torch.bfloat16,False,False
11,6144,12288,False,torch.bfloat16,torch.bfloat16,False,False
11,9856,6144,False,torch.bfloat16,torch.bfloat16,False,False
11,128,6144,False,torch.bfloat16,torch.bfloat16,False,False
11,200064,6144,False,torch.bfloat16,torch.bfloat16,False,False
10,9216,6144,False,torch.bfloat16,torch.bfloat16,False,False
10,6144,8192,False,torch.bfloat16,torch.bfloat16,False,False
10,24576,6144,False,torch.bfloat16,torch.bfloat16,False,False
10,6144,12288,False,torch.bfloat16,torch.bfloat16,False,False
10,9856,6144,False,torch.bfloat16,torch.bfloat16,False,False
10,128,6144,False,torch.bfloat16,torch.bfloat16,False,False
10,200064,6144,False,torch.bfloat16,torch.bfloat16,False,False
9,9216,6144,False,torch.bfloat16,torch.bfloat16,False,False
9,6144,8192,False,torch.bfloat16,torch.bfloat16,False,False
9,24576,6144,False,torch.bfloat16,torch.bfloat16,False,False
9,6144,12288,False,torch.bfloat16,torch.bfloat16,False,False
9,9856,6144,False,torch.bfloat16,torch.bfloat16,False,False
9,128,6144,False,torch.bfloat16,torch.bfloat16,False,False
9,200064,6144,False,torch.bfloat16,torch.bfloat16,False,False
8,9216,6144,False,torch.bfloat16,torch.bfloat16,False,False
8,6144,8192,False,torch.bfloat16,torch.bfloat16,False,False
8,24576,6144,False,torch.bfloat16,torch.bfloat16,False,False
8,6144,12288,False,torch.bfloat16,torch.bfloat16,False,False
8,9856,6144,False,torch.bfloat16,torch.bfloat16,False,False
8,128,6144,False,torch.bfloat16,torch.bfloat16,False,False
8,200064,6144,False,torch.bfloat16,torch.bfloat16,False,False
7,9216,6144,False,torch.bfloat16,torch.bfloat16,False,False
7,6144,8192,False,torch.bfloat16,torch.bfloat16,False,False
7,24576,6144,False,torch.bfloat16,torch.bfloat16,False,False
7,6144,12288,False,torch.bfloat16,torch.bfloat16,False,False
7,9856,6144,False,torch.bfloat16,torch.bfloat16,False,False
7,128,6144,False,torch.bfloat16,torch.bfloat16,False,False
7,200064,6144,False,torch.bfloat16,torch.bfloat16,False,False
6,9216,6144,False,torch.bfloat16,torch.bfloat16,False,False
6,6144,8192,False,torch.bfloat16,torch.bfloat16,False,False
6,24576,6144,False,torch.bfloat16,torch.bfloat16,False,False
6,6144,12288,False,torch.bfloat16,torch.bfloat16,False,False
6,9856,6144,False,torch.bfloat16,torch.bfloat16,False,False
6,128,6144,False,torch.bfloat16,torch.bfloat16,False,False
4,9216,6144,False,torch.bfloat16,torch.bfloat16,False,False
4,6144,8192,False,torch.bfloat16,torch.bfloat16,False,False
4,24576,6144,False,torch.bfloat16,torch.bfloat16,False,False
4,6144,12288,False,torch.bfloat16,torch.bfloat16,False,False
4,9856,6144,False,torch.bfloat16,torch.bfloat16,False,False
4,128,6144,False,torch.bfloat16,torch.bfloat16,False,False
4,200064,6144,False,torch.bfloat16,torch.bfloat16,False,False
3,9216,6144,False,torch.bfloat16,torch.bfloat16,False,False
3,6144,8192,False,torch.bfloat16,torch.bfloat16,False,False
3,24576,6144,False,torch.bfloat16,torch.bfloat16,False,False
3,6144,12288,False,torch.bfloat16,torch.bfloat16,False,False
3,9856,6144,False,torch.bfloat16,torch.bfloat16,False,False
3,128,6144,False,torch.bfloat16,torch.bfloat16,False,False
